﻿<?xml version="1.0" encoding="UTF-8"?>
<root>
  <item name="BattleConfig" md5="b570f64677d760a98c324e1d5ba96063" />
  <item name="DisOrderModeExtra" md5="66afaa512872b86f1b21b1e60269dbf4" />
  <item name="Document" md5="138074be800af811528efdb761bbfdec" />
  <item name="EquipModeExtra" md5="97553a2cbc7498f0e139558b2e60f315" />
  <item name="GuideModeExtra" md5="77b4c95722a8f3d6e3c14f10b27813f6" />
  <item name="LoadRes_Preload" md5="30f4c8a45c97a553ce82adc041f72da8" />
  <item name="SingleSurvivalModeExtra" md5="af3da4cd668aec4c49523b36809e0de6" />
  <version name="571.1" />
</root>